id;name;value;value_type;created_by;created_date
1;user-centric copying Health;hack;fuchsia optical Borders;Customer compelling Handmade;2021-07-13T10:41:51
2;SDD;JBOD;empower Functionality;Loan Mississippi;2021-07-13T07:58:08
3;Dynamic Unbranded;Small;RSS;haptic cyan Borders;2021-07-13T21:13:11
4;Western;Personal;Branding invoice;fault-tolerant syndicate;2021-07-13T18:44:05
5;River Lead;Account;IB Regional;Wooden;2021-07-14T06:42:31
6;Buckinghamshire deposit even-keeled;up plum;Buckinghamshire Architect;optimal pink Chief;2021-07-13T13:48:00
7;orange Garden magenta;Canada capacity;orchestrate withdrawal Multi-tiered;input Rubber Developer;2021-07-14T04:20:59
8;maximized Fresh;navigating Concrete;Cape;empowering withdrawal Falls;2021-07-13T16:32:22
9;User-centric Mouse;bypass withdrawal;Nuevo;Customer Table online;2021-07-13T15:03:58
10;Point array Assistant;Forward Concrete;Functionality Cambridgeshire Metal;Handmade;2021-07-14T00:56:43
