id;href;external_id;priority;description;category;status;order_date;completion_date;requested_start_date;requested_completion_date;expected_completion_date;notification_contact;customer_id;shopping_cart_id;type;location_id
1;Parks;Awesome Plastic;methodical Malawi;indexing Rubber;override Tunnel invoice;Tuna;2021-07-13T19:47:26;2021-07-13T17:00:14;2021-07-13T11:15:02;2021-07-13T16:06:39;2021-07-13T15:40:27;Tuna Intelligent Cross-platform;88228;84807;Cambridgeshire;72801
2;Computer;Ball;sexy teal Australia;Granite;Metal;Licensed Avon;2021-07-14T07:23:47;2021-07-13T21:55:00;2021-07-14T02:54:45;2021-07-14T05:18:06;2021-07-13T19:51:00;Innovative seize Cheese;41768;3844;ivory Dynamic;87580
3;Multi-lateral Planner withdrawal;Awesome;wireless Savings;firmware;Assimilated black;syndicate index;2021-07-13T18:39:41;2021-07-13T18:12:58;2021-07-14T06:24:34;2021-07-14T05:41:55;2021-07-13T15:47:26;blue;32718;77468;gold Liaison;78935
4;Alaska Legacy;Proactive Frozen;Handcrafted;Bedfordshire;Account Fields;Dinar;2021-07-13T17:11:21;2021-07-13T19:12:37;2021-07-13T11:01:12;2021-07-13T15:44:18;2021-07-13T11:18:52;compressing Incredible;81716;35167;protocol Shirt B2C;12402
5;Jersey;Forge Bike Bike;Metical Ethiopia;Republic;morph Divide alarm;Account Automotive Wooden;2021-07-13T22:22:14;2021-07-13T19:18:01;2021-07-13T09:30:43;2021-07-14T05:43:10;2021-07-14T01:24:59;invoice;71395;55393;reboot;41275
6;Salad;analyzer Junction Cambridgeshire;customized;Guatemala;Electronics Unbranded;Rwanda;2021-07-14T02:55:08;2021-07-13T18:12:28;2021-07-13T18:32:53;2021-07-13T10:53:27;2021-07-13T18:10:49;payment;72296;4413;compress firewall invoice;47344
7;synthesize deliverables Corporate;Central;program card;content Steel;action-items Svalbard architectures;Bacon portals Mouse;2021-07-14T06:28:18;2021-07-13T23:33:15;2021-07-13T21:33:21;2021-07-13T09:14:45;2021-07-14T00:24:06;Checking Awesome;2403;40116;Ball;74659
8;application;Pants user-centric Liaison;Man California Cambridgeshire;Manat open Fantastic;leverage;Chips;2021-07-13T18:41:16;2021-07-13T12:05:08;2021-07-14T03:51:53;2021-07-13T18:38:15;2021-07-13T22:12:44;Refined;89465;72985;plug-and-play virtual;5722
9;Human connecting Turkey;transform Internal Specialist;Supervisor mobile Soap;Refined Engineer Kroon;Pakistan Functionality;Home;2021-07-14T00:28:05;2021-07-13T14:29:09;2021-07-13T15:05:42;2021-07-14T00:29:26;2021-07-14T04:06:15;withdrawal;19141;70034;SDD blue;18957
10;Leu Web Bulgarian;integrated disintermediate portals;interface Fantastic;invoice grid-enabled;transmitting capacitor;Principal Cambridgeshire indexing;2021-07-13T20:37:06;2021-07-13T17:30:22;2021-07-13T17:20:24;2021-07-14T07:14:00;2021-07-13T19:19:52;Gorgeous Locks;68013;53965;Books Response Soft;1302
